;Decision1;Rationale1;URL1;Decision2;Rationale2;URL2;Relationship;Alpha
0;Add missing <iden> wrappers as return type;missing;https://github.com/square/retrofit/commit/8eed9f264c13710fc0ac8251b3c5382a129a10ce;Revert Revert Allow  <file_name>  instantiation. Hide some Apache implementation details.;This reverts commit  <otherCommit_link>;https://github.com/square/retrofit/commit/f87f9b3c032714980299d6da20b3ae87a8bb3109;Contradicts;0.6118639707565308
1;Added a <file_name> rule for the line indentation  ;Indentation;https://github.com/square/retrofit/commit/8db48717825286e5d10a37a6600c34ba29b8822f;Use the annotations directly for parameter handling.;Before we attempted to normalize the parameter annotations into a name and type model. The introduction of multi-part transfer encodings required something more expressive so the annotation instances themselves were used. This change removes the name and type in favor of using the annotation for everything.;https://github.com/square/retrofit/commit/46598adb1da0f6d2498d9f8b815b170bf95fe1f8;Contradicts;0.6029033064842224
2;Added a <file_name> rule for the line indentation  ;Indentation;https://github.com/square/retrofit/commit/8db48717825286e5d10a37a6600c34ba29b8822f;Properly name ignored exception in catch block  ;Properly naming;https://github.com/square/retrofit/commit/3bdad39745db76928fce0f31b3c2a8e8922c40b3;Contradicts;0.5470473766326904
3;Added a <file_name> rule for the line indentation  ;Indentation;https://github.com/square/retrofit/commit/8db48717825286e5d10a37a6600c34ba29b8822f;Revert Revert Allow  <file_name>  instantiation. Hide some Apache implementation details.;This reverts commit  <otherCommit_link>;https://github.com/square/retrofit/commit/f87f9b3c032714980299d6da20b3ae87a8bb3109;Contradicts;0.8332599401473999
4;Added a <file_name> rule for the line indentation  ;Indentation;https://github.com/square/retrofit/commit/8db48717825286e5d10a37a6600c34ba29b8822f;Reintroduced deprecated <file_name> constructor;deprecated;https://github.com/square/retrofit/commit/ed2e8a5b52e933034b74e5aa66bc42862bfd30de;Contradicts;0.8955945372581482
5;Adding GET support to <file_name>;support;https://github.com/square/retrofit/commit/00a2db876fc5c0447a3617837894f30890cde367;Add coroutine support to <file_name> ;coroutine support;https://github.com/square/retrofit/commit/1ec98c2364b497278c34f04a49236cde9de7b178;Contradicts;0.5548456311225891
6;Adding GET support to <file_name>;support;https://github.com/square/retrofit/commit/00a2db876fc5c0447a3617837894f30890cde367;Revert Revert Allow  <file_name>  instantiation. Hide some Apache implementation details.;This reverts commit  <otherCommit_link>;https://github.com/square/retrofit/commit/f87f9b3c032714980299d6da20b3ae87a8bb3109;Contradicts;0.6158739924430847
7;Adding GET support to <file_name>;support;https://github.com/square/retrofit/commit/00a2db876fc5c0447a3617837894f30890cde367;Reintroduced deprecated <file_name> constructor;deprecated;https://github.com/square/retrofit/commit/ed2e8a5b52e933034b74e5aa66bc42862bfd30de;Contradicts;0.7630059123039246
8;Fix inconsistencies in javadocs  ;These changes were made with consistency in mind, in relation to the rest of the project;https://github.com/square/retrofit/commit/b3fcdca9939f376d9f825bb6ccaeeaa97c0f8325;Switch to a generic to/from  <file_name> , explicit factory.;This allows for specialization based on for what purpose the  <file_name>  is being created.;https://github.com/square/retrofit/commit/42b6f8c5de4d63c01425a8b5c7c4765b84f798ec;Contradicts;0.6231539249420166
9;Fix inconsistencies in javadocs  ;These changes were made with consistency in mind, in relation to the rest of the project;https://github.com/square/retrofit/commit/b3fcdca9939f376d9f825bb6ccaeeaa97c0f8325;Revert Revert Allow  <file_name>  instantiation. Hide some Apache implementation details.;This reverts commit  <otherCommit_link>;https://github.com/square/retrofit/commit/f87f9b3c032714980299d6da20b3ae87a8bb3109;Contradicts;0.627079963684082
10;baseUrl should end with /;end with /;https://github.com/square/retrofit/commit/15f73966ee4e7d355cc0b9839f2103ae9684f72f;Revert Revert Allow  <file_name>  instantiation. Hide some Apache implementation details.;This reverts commit  <otherCommit_link>;https://github.com/square/retrofit/commit/f87f9b3c032714980299d6da20b3ae87a8bb3109;Contradicts;0.5457165837287903
11;add paragraph clarifying logging;clarifying logging;https://github.com/square/retrofit/commit/17bc62131d9b7ee88277bbc63d2cdb94a25b4a75;Switch to a generic to/from  <file_name> , explicit factory.;This allows for specialization based on for what purpose the  <file_name>  is being created.;https://github.com/square/retrofit/commit/42b6f8c5de4d63c01425a8b5c7c4765b84f798ec;Contradicts;0.5751993060112
12;add paragraph clarifying logging;clarifying logging;https://github.com/square/retrofit/commit/17bc62131d9b7ee88277bbc63d2cdb94a25b4a75;Revert Revert Allow  <file_name>  instantiation. Hide some Apache implementation details.;This reverts commit  <otherCommit_link>;https://github.com/square/retrofit/commit/f87f9b3c032714980299d6da20b3ae87a8bb3109;Contradicts;0.6550843119621277
13;Add response object to <file_name> success;Gives access to response headers while still converting response within retrofit;https://github.com/square/retrofit/commit/a10def06d7a3ec75de30fee9c2dfd47837201eba;Pull out <file_name> base class <enter>;This will allow us to support multiple forms of invocation beyond <iden> calls.;https://github.com/square/retrofit/commit/0fff59140b5791ad0f1b1c7bf7826db2e00a73f1;Contradicts;0.5261143445968628
14;Add response object to <file_name> success;Gives access to response headers while still converting response within retrofit;https://github.com/square/retrofit/commit/a10def06d7a3ec75de30fee9c2dfd47837201eba;Switch to a generic to/from  <file_name> , explicit factory.;This allows for specialization based on for what purpose the  <file_name>  is being created.;https://github.com/square/retrofit/commit/42b6f8c5de4d63c01425a8b5c7c4765b84f798ec;Contradicts;0.6205942034721375
15;Add response object to <file_name> success;Gives access to response headers while still converting response within retrofit;https://github.com/square/retrofit/commit/a10def06d7a3ec75de30fee9c2dfd47837201eba;Add converters module and protobuf converter;to the sentence;https://github.com/square/retrofit/commit/ebf8c26a7b350dd9eb03b0240f9aaf75e0833d30;Contradicts;0.5827136039733887
16;Add response object to <file_name> success;Gives access to response headers while still converting response within retrofit;https://github.com/square/retrofit/commit/a10def06d7a3ec75de30fee9c2dfd47837201eba;Revert Revert Allow  <file_name>  instantiation. Hide some Apache implementation details.;This reverts commit  <otherCommit_link>;https://github.com/square/retrofit/commit/f87f9b3c032714980299d6da20b3ae87a8bb3109;Contradicts;0.7126246094703674
17;Add response object to <file_name> success;Gives access to response headers while still converting response within retrofit;https://github.com/square/retrofit/commit/a10def06d7a3ec75de30fee9c2dfd47837201eba;Reintroduced deprecated <file_name> constructor;deprecated;https://github.com/square/retrofit/commit/ed2e8a5b52e933034b74e5aa66bc42862bfd30de;Contradicts;0.7872170805931091
18;Support <iden> / <iden> for @field;Supporting <iden> / <iden> for @field;https://github.com/square/retrofit/commit/0284a813dbd69be3f13fb60fe3be128379df7a64;Remove old <iden> nonsense;As of API 26 the android.jar contains the classes checked by <iden> and used by <iden>.Java8. And we dont encourage throwing checked exceptions from the service method but instead routing them through your call adapter.;https://github.com/square/retrofit/commit/246bef5bf34c0598a91038b2e15bace7718408d4;Contradicts;0.5328707098960876
19;Support <iden> / <iden> for @field;Supporting <iden> / <iden> for @field;https://github.com/square/retrofit/commit/0284a813dbd69be3f13fb60fe3be128379df7a64;Switch to a generic to/from  <file_name> , explicit factory.;This allows for specialization based on for what purpose the  <file_name>  is being created.;https://github.com/square/retrofit/commit/42b6f8c5de4d63c01425a8b5c7c4765b84f798ec;Contradicts;0.6871017813682556
20;Add <iden> wrapper validation  ;validation;https://github.com/square/retrofit/commit/88dff564e4e764a56730f1224c3d685e520e2aee;Switch to a generic to/from  <file_name> , explicit factory.;This allows for specialization based on for what purpose the  <file_name>  is being created.;https://github.com/square/retrofit/commit/42b6f8c5de4d63c01425a8b5c7c4765b84f798ec;Contradicts;0.526866614818573
21;Add <iden> wrapper validation  ;validation;https://github.com/square/retrofit/commit/88dff564e4e764a56730f1224c3d685e520e2aee;Move <file_name> into the main package, remove <iden> from core;This change means that only <iden> and <iden> are the types which are allowed for their respective objects by default. If you want serialization of any kind, you need to opt-in with either your own <file_name> or one of the provided ones;https://github.com/square/retrofit/commit/9b203b66891c1d363529a1b2b46c8968bf54d7cc;Contradicts;0.7638183236122131
22;Add <iden> wrapper validation  ;validation;https://github.com/square/retrofit/commit/88dff564e4e764a56730f1224c3d685e520e2aee;Use the annotations directly for parameter handling.;Before we attempted to normalize the parameter annotations into a name and type model. The introduction of multi-part transfer encodings required something more expressive so the annotation instances themselves were used. This change removes the name and type in favor of using the annotation for everything.;https://github.com/square/retrofit/commit/46598adb1da0f6d2498d9f8b815b170bf95fe1f8;Contradicts;0.5837410688400269
23;Add <iden> wrapper validation  ;validation;https://github.com/square/retrofit/commit/88dff564e4e764a56730f1224c3d685e520e2aee;Revert Revert Allow  <file_name>  instantiation. Hide some Apache implementation details.;This reverts commit  <otherCommit_link>;https://github.com/square/retrofit/commit/f87f9b3c032714980299d6da20b3ae87a8bb3109;Contradicts;0.7038103342056274
24;Add <iden> wrapper validation  ;validation;https://github.com/square/retrofit/commit/88dff564e4e764a56730f1224c3d685e520e2aee;Reintroduced deprecated <file_name> constructor;deprecated;https://github.com/square/retrofit/commit/ed2e8a5b52e933034b74e5aa66bc42862bfd30de;Contradicts;0.6923716068267822
25;Add <iden> integration tests;integration;https://github.com/square/retrofit/commit/34f6a7fdc2f359d05a32f3262825563fc10929b4;Move <file_name> into the main package, remove <iden> from core;This change means that only <iden> and <iden> are the types which are allowed for their respective objects by default. If you want serialization of any kind, you need to opt-in with either your own <file_name> or one of the provided ones;https://github.com/square/retrofit/commit/9b203b66891c1d363529a1b2b46c8968bf54d7cc;Contradicts;0.9580800533294678
26;Add <iden> integration tests;integration;https://github.com/square/retrofit/commit/34f6a7fdc2f359d05a32f3262825563fc10929b4;Revert Revert Allow  <file_name>  instantiation. Hide some Apache implementation details.;This reverts commit  <otherCommit_link>;https://github.com/square/retrofit/commit/f87f9b3c032714980299d6da20b3ae87a8bb3109;Contradicts;0.7434232831001282
27;Add <iden> integration tests;integration;https://github.com/square/retrofit/commit/34f6a7fdc2f359d05a32f3262825563fc10929b4;Removal of Unnecessary Creation of <iden>;if <iden> has length 0 there is no point to create stringBuilder for that. that condition check needs to happen before stringBuilder creation.;https://github.com/square/retrofit/commit/aa7db2e7e89202d77222e8f449fa0e243d6cac82;Contradicts;0.5543133020401001
28;Small fixes  ;error-prone;https://github.com/square/retrofit/commit/a1897aebc2678d5ca1f3ae09416030673d415ab2;Switch to a generic to/from  <file_name> , explicit factory.;This allows for specialization based on for what purpose the  <file_name>  is being created.;https://github.com/square/retrofit/commit/42b6f8c5de4d63c01425a8b5c7c4765b84f798ec;Contradicts;0.59355229139328
29;Small fixes  ;error-prone;https://github.com/square/retrofit/commit/a1897aebc2678d5ca1f3ae09416030673d415ab2;Revert Revert Allow  <file_name>  instantiation. Hide some Apache implementation details.;This reverts commit  <otherCommit_link>;https://github.com/square/retrofit/commit/f87f9b3c032714980299d6da20b3ae87a8bb3109;Contradicts;0.7496827244758606
30;Add coroutine support to <file_name> ;coroutine support;https://github.com/square/retrofit/commit/1ec98c2364b497278c34f04a49236cde9de7b178;Revert Revert Allow  <file_name>  instantiation. Hide some Apache implementation details.;This reverts commit  <otherCommit_link>;https://github.com/square/retrofit/commit/f87f9b3c032714980299d6da20b3ae87a8bb3109;Contradicts;0.6418566107749939
31;Add coroutine support to <file_name> ;coroutine support;https://github.com/square/retrofit/commit/1ec98c2364b497278c34f04a49236cde9de7b178;Reintroduced deprecated <file_name> constructor;deprecated;https://github.com/square/retrofit/commit/ed2e8a5b52e933034b74e5aa66bc42862bfd30de;Contradicts;0.686703622341156
32;Migrate forced suspension mechanism from yield to <iden>;Since its possible for certain dispatchers to completely avoid yielding, and currently the immediate dispatchers exhibit this behavior, we need an alternate mechanism of forcing suspension or UndeclaredThrowableExceptions will still be seen.;https://github.com/square/retrofit/commit/9d683b75b111e60d30da8a03335d2ce71f5e8585;Switch to a generic to/from  <file_name> , explicit factory.;This allows for specialization based on for what purpose the  <file_name>  is being created.;https://github.com/square/retrofit/commit/42b6f8c5de4d63c01425a8b5c7c4765b84f798ec;Contradicts;0.5355405211448669
33;Migrate forced suspension mechanism from yield to <iden>;Since its possible for certain dispatchers to completely avoid yielding, and currently the immediate dispatchers exhibit this behavior, we need an alternate mechanism of forcing suspension or UndeclaredThrowableExceptions will still be seen.;https://github.com/square/retrofit/commit/9d683b75b111e60d30da8a03335d2ce71f5e8585;Move <file_name> into the main package, remove <iden> from core;This change means that only <iden> and <iden> are the types which are allowed for their respective objects by default. If you want serialization of any kind, you need to opt-in with either your own <file_name> or one of the provided ones;https://github.com/square/retrofit/commit/9b203b66891c1d363529a1b2b46c8968bf54d7cc;Contradicts;0.9367420077323914
34;Migrate forced suspension mechanism from yield to <iden>;Since its possible for certain dispatchers to completely avoid yielding, and currently the immediate dispatchers exhibit this behavior, we need an alternate mechanism of forcing suspension or UndeclaredThrowableExceptions will still be seen.;https://github.com/square/retrofit/commit/9d683b75b111e60d30da8a03335d2ce71f5e8585;Changing `<file_name>` to implement `<file_name>` interface;interface;https://github.com/square/retrofit/commit/884593d0e46c4eb30dd6e9ac8056bfdc2848345e;Contradicts;0.7467936873435974
35;Add more obviously missing @nullable annotations;missing;https://github.com/square/retrofit/commit/cb998173485b21af3c60abf3f64010b8a6b55559;Document maps dont allow null anywhere;null anywhere;https://github.com/square/retrofit/commit/10ff3d97faadcd6f716447d3376f9f51992e44dd;Contradicts;0.7751858830451965
36;Add more obviously missing @nullable annotations;missing;https://github.com/square/retrofit/commit/cb998173485b21af3c60abf3f64010b8a6b55559;Revert Revert Allow  <file_name>  instantiation. Hide some Apache implementation details.;This reverts commit  <otherCommit_link>;https://github.com/square/retrofit/commit/f87f9b3c032714980299d6da20b3ae87a8bb3109;Contradicts;0.7884098291397095
37;Add more obviously missing @nullable annotations;missing;https://github.com/square/retrofit/commit/cb998173485b21af3c60abf3f64010b8a6b55559;Hide more implementation details;more implementation details;https://github.com/square/retrofit/commit/6d8de7d80b343397f12429012571c656eac773bf;Contradicts;0.5553458333015442
38;Add more obviously missing @nullable annotations;missing;https://github.com/square/retrofit/commit/cb998173485b21af3c60abf3f64010b8a6b55559;Changing `<file_name>` to implement `<file_name>` interface;interface;https://github.com/square/retrofit/commit/884593d0e46c4eb30dd6e9ac8056bfdc2848345e;Contradicts;0.5009003281593323
39;Add some missing @nullable annotations to <file_name> ;missing;https://github.com/square/retrofit/commit/239cd2f227dc47d268bfec91b97f2dfd2958eee2;Move <file_name> into the main package, remove <iden> from core;This change means that only <iden> and <iden> are the types which are allowed for their respective objects by default. If you want serialization of any kind, you need to opt-in with either your own <file_name> or one of the provided ones;https://github.com/square/retrofit/commit/9b203b66891c1d363529a1b2b46c8968bf54d7cc;Contradicts;0.5337120890617371
40;Add some missing @nullable annotations to <file_name> ;missing;https://github.com/square/retrofit/commit/239cd2f227dc47d268bfec91b97f2dfd2958eee2;Revert Revert Allow  <file_name>  instantiation. Hide some Apache implementation details.;This reverts commit  <otherCommit_link>;https://github.com/square/retrofit/commit/f87f9b3c032714980299d6da20b3ae87a8bb3109;Contradicts;0.7548887133598328
41;Fatal errors should crash the dispatcher thread;Fatal errors should be propagated by the async observer instead of attempting to make its way back downstream.;https://github.com/square/retrofit/commit/46cdff20b53a84e816d6022541347b3c06a5a52b;Switch to a generic to/from  <file_name> , explicit factory.;This allows for specialization based on for what purpose the  <file_name>  is being created.;https://github.com/square/retrofit/commit/42b6f8c5de4d63c01425a8b5c7c4765b84f798ec;Contradicts;0.6245141625404358
42;Fatal errors should crash the dispatcher thread;Fatal errors should be propagated by the async observer instead of attempting to make its way back downstream.;https://github.com/square/retrofit/commit/46cdff20b53a84e816d6022541347b3c06a5a52b;Revert Revert Allow  <file_name>  instantiation. Hide some Apache implementation details.;This reverts commit  <otherCommit_link>;https://github.com/square/retrofit/commit/f87f9b3c032714980299d6da20b3ae87a8bb3109;Contradicts;0.5881898403167725
43;Add some missing Nullable annotations;missing;https://github.com/square/retrofit/commit/a604fe1181bda241d8f0a5e07c96d7c432b44dfb;Document maps dont allow null anywhere;null anywhere;https://github.com/square/retrofit/commit/10ff3d97faadcd6f716447d3376f9f51992e44dd;Contradicts;0.7976819276809692
44;Add some missing Nullable annotations;missing;https://github.com/square/retrofit/commit/f1524cd7c74dd3ca11154f6d3fcc0db5044d8a4e;Document maps dont allow null anywhere;null anywhere;https://github.com/square/retrofit/commit/10ff3d97faadcd6f716447d3376f9f51992e44dd;Contradicts;0.7976819276809692
45;Add some missing Nullable annotations;missing;https://github.com/square/retrofit/commit/a604fe1181bda241d8f0a5e07c96d7c432b44dfb;Revert Revert Allow  <file_name>  instantiation. Hide some Apache implementation details.;This reverts commit  <otherCommit_link>;https://github.com/square/retrofit/commit/f87f9b3c032714980299d6da20b3ae87a8bb3109;Contradicts;0.6841503381729126
46;Add some missing Nullable annotations;missing;https://github.com/square/retrofit/commit/f1524cd7c74dd3ca11154f6d3fcc0db5044d8a4e;Revert Revert Allow  <file_name>  instantiation. Hide some Apache implementation details.;This reverts commit  <otherCommit_link>;https://github.com/square/retrofit/commit/f87f9b3c032714980299d6da20b3ae87a8bb3109;Contradicts;0.6841503381729126
47;Add some missing Nullable annotations;missing;https://github.com/square/retrofit/commit/a604fe1181bda241d8f0a5e07c96d7c432b44dfb;Document maps dont allow null anywhere;null anywhere;https://github.com/square/retrofit/commit/10ff3d97faadcd6f716447d3376f9f51992e44dd;Contradicts;0.7976819276809692
48;Add some missing Nullable annotations;missing;https://github.com/square/retrofit/commit/f1524cd7c74dd3ca11154f6d3fcc0db5044d8a4e;Document maps dont allow null anywhere;null anywhere;https://github.com/square/retrofit/commit/10ff3d97faadcd6f716447d3376f9f51992e44dd;Contradicts;0.7976819276809692
49;Add some missing Nullable annotations;missing;https://github.com/square/retrofit/commit/a604fe1181bda241d8f0a5e07c96d7c432b44dfb;Revert Revert Allow  <file_name>  instantiation. Hide some Apache implementation details.;This reverts commit  <otherCommit_link>;https://github.com/square/retrofit/commit/f87f9b3c032714980299d6da20b3ae87a8bb3109;Contradicts;0.6841503381729126
50;Add some missing Nullable annotations;missing;https://github.com/square/retrofit/commit/f1524cd7c74dd3ca11154f6d3fcc0db5044d8a4e;Revert Revert Allow  <file_name>  instantiation. Hide some Apache implementation details.;This reverts commit  <otherCommit_link>;https://github.com/square/retrofit/commit/f87f9b3c032714980299d6da20b3ae87a8bb3109;Contradicts;0.6841503381729126
51;Use a dummy value to further validation optional delegation;This ensures the value can only come from only one place;https://github.com/square/retrofit/commit/1d64f9763e1f5aa3d049710df8366f425109672f;Use the annotations directly for parameter handling.;Before we attempted to normalize the parameter annotations into a name and type model. The introduction of multi-part transfer encodings required something more expressive so the annotation instances themselves were used. This change removes the name and type in favor of using the annotation for everything.;https://github.com/square/retrofit/commit/46598adb1da0f6d2498d9f8b815b170bf95fe1f8;Contradicts;0.6645709872245789
52;Use a dummy value to further validation optional delegation;This ensures the value can only come from only one place;https://github.com/square/retrofit/commit/1d64f9763e1f5aa3d049710df8366f425109672f;Revert Revert Allow  <file_name>  instantiation. Hide some Apache implementation details.;This reverts commit  <otherCommit_link>;https://github.com/square/retrofit/commit/f87f9b3c032714980299d6da20b3ae87a8bb3109;Contradicts;0.5763382315635681
53;Use a dummy value to further validation optional delegation;This ensures the value can only come from only one place;https://github.com/square/retrofit/commit/1d64f9763e1f5aa3d049710df8366f425109672f;Reintroduced deprecated <file_name> constructor;deprecated;https://github.com/square/retrofit/commit/ed2e8a5b52e933034b74e5aa66bc42862bfd30de;Contradicts;0.5120741128921509
54;Expose static factory for <file_name> <enter> Also rework the internals of how an <file_name> gets instantiated and set as a tag on the <iden>;This will make a future change easier to land;https://github.com/square/retrofit/commit/f939189f3b825beb66a499686b9f6ca0f3a70cc1;Pull out <file_name> base class <enter>;This will allow us to support multiple forms of invocation beyond <iden> calls.;https://github.com/square/retrofit/commit/0fff59140b5791ad0f1b1c7bf7826db2e00a73f1;Contradicts;0.50656658411026
55;Expose static factory for <file_name> <enter> Also rework the internals of how an <file_name> gets instantiated and set as a tag on the <iden>;This will make a future change easier to land;https://github.com/square/retrofit/commit/f939189f3b825beb66a499686b9f6ca0f3a70cc1;Document maps dont allow null anywhere;null anywhere;https://github.com/square/retrofit/commit/10ff3d97faadcd6f716447d3376f9f51992e44dd;Contradicts;0.5046101212501526
56;Expose static factory for <file_name> <enter> Also rework the internals of how an <file_name> gets instantiated and set as a tag on the <iden>;This will make a future change easier to land;https://github.com/square/retrofit/commit/f939189f3b825beb66a499686b9f6ca0f3a70cc1;Switch to a generic to/from  <file_name> , explicit factory.;This allows for specialization based on for what purpose the  <file_name>  is being created.;https://github.com/square/retrofit/commit/42b6f8c5de4d63c01425a8b5c7c4765b84f798ec;Contradicts;0.6374918222427368
57;Expose static factory for <file_name> <enter> Also rework the internals of how an <file_name> gets instantiated and set as a tag on the <iden>;This will make a future change easier to land;https://github.com/square/retrofit/commit/f939189f3b825beb66a499686b9f6ca0f3a70cc1;Move <file_name> into the main package, remove <iden> from core;This change means that only <iden> and <iden> are the types which are allowed for their respective objects by default. If you want serialization of any kind, you need to opt-in with either your own <file_name> or one of the provided ones;https://github.com/square/retrofit/commit/9b203b66891c1d363529a1b2b46c8968bf54d7cc;Contradicts;0.912531852722168
58;Expose static factory for <file_name> <enter> Also rework the internals of how an <file_name> gets instantiated and set as a tag on the <iden>;This will make a future change easier to land;https://github.com/square/retrofit/commit/f939189f3b825beb66a499686b9f6ca0f3a70cc1;Revert Revert Allow  <file_name>  instantiation. Hide some Apache implementation details.;This reverts commit  <otherCommit_link>;https://github.com/square/retrofit/commit/f87f9b3c032714980299d6da20b3ae87a8bb3109;Contradicts;0.7106934189796448
59;Expose static factory for <file_name> <enter> Also rework the internals of how an <file_name> gets instantiated and set as a tag on the <iden>;This will make a future change easier to land;https://github.com/square/retrofit/commit/f939189f3b825beb66a499686b9f6ca0f3a70cc1;Hide more implementation details;more implementation details;https://github.com/square/retrofit/commit/6d8de7d80b343397f12429012571c656eac773bf;Contradicts;0.5040454864501953
60;Expose static factory for <file_name> <enter> Also rework the internals of how an <file_name> gets instantiated and set as a tag on the <iden>;This will make a future change easier to land;https://github.com/square/retrofit/commit/f939189f3b825beb66a499686b9f6ca0f3a70cc1;Reintroduced deprecated <file_name> constructor;deprecated;https://github.com/square/retrofit/commit/ed2e8a5b52e933034b74e5aa66bc42862bfd30de;Contradicts;0.9037084579467772
61;Re-work unresolvable type detection in parameters  ;"In order to natively support Kotlins suspend modifier in the future, we need to allow wildcards to be used for the last parameter; As a result, we only validate the shape of a type once an annotation is detected.";https://github.com/square/retrofit/commit/c3633423b4a52566446bc6d540904f1f5f715205;Use the annotations directly for parameter handling.;Before we attempted to normalize the parameter annotations into a name and type model. The introduction of multi-part transfer encodings required something more expressive so the annotation instances themselves were used. This change removes the name and type in favor of using the annotation for everything.;https://github.com/square/retrofit/commit/46598adb1da0f6d2498d9f8b815b170bf95fe1f8;Contradicts;0.5284805297851562
62;Re-work unresolvable type detection in parameters  ;"In order to natively support Kotlins suspend modifier in the future, we need to allow wildcards to be used for the last parameter; As a result, we only validate the shape of a type once an annotation is detected.";https://github.com/square/retrofit/commit/c3633423b4a52566446bc6d540904f1f5f715205;Revert Revert Allow  <file_name>  instantiation. Hide some Apache implementation details.;This reverts commit  <otherCommit_link>;https://github.com/square/retrofit/commit/f87f9b3c032714980299d6da20b3ae87a8bb3109;Contradicts;0.5874255299568176
63;Re-work unresolvable type detection in parameters  ;"In order to natively support Kotlins suspend modifier in the future, we need to allow wildcards to be used for the last parameter; As a result, we only validate the shape of a type once an annotation is detected.";https://github.com/square/retrofit/commit/c3633423b4a52566446bc6d540904f1f5f715205;Reintroduced deprecated <file_name> constructor;deprecated;https://github.com/square/retrofit/commit/ed2e8a5b52e933034b74e5aa66bc42862bfd30de;Contradicts;0.5500170588493347
64;Re-work unresolvable type detection in parameters  ;"In order to natively support Kotlins suspend modifier in the future, we need to allow wildcards to be used for the last parameter; As a result, we only validate the shape of a type once an annotation is detected.";https://github.com/square/retrofit/commit/c3633423b4a52566446bc6d540904f1f5f715205;Changing `<file_name>` to implement `<file_name>` interface;interface;https://github.com/square/retrofit/commit/884593d0e46c4eb30dd6e9ac8056bfdc2848345e;Contradicts;0.5050727128982544
65;Update to <iden> <version>;Use get instead of parse for <iden> and <iden> where valid input is always required;https://github.com/square/retrofit/commit/ce71d0527610689ea096c6f30f9ef6eac8266b1d;Switch to a generic to/from  <file_name> , explicit factory.;This allows for specialization based on for what purpose the  <file_name>  is being created.;https://github.com/square/retrofit/commit/42b6f8c5de4d63c01425a8b5c7c4765b84f798ec;Contradicts;0.5782102942466736
66;Update to <iden> <version>;Use get instead of parse for <iden> and <iden> where valid input is always required;https://github.com/square/retrofit/commit/ce71d0527610689ea096c6f30f9ef6eac8266b1d;Move <file_name> into the main package, remove <iden> from core;This change means that only <iden> and <iden> are the types which are allowed for their respective objects by default. If you want serialization of any kind, you need to opt-in with either your own <file_name> or one of the provided ones;https://github.com/square/retrofit/commit/9b203b66891c1d363529a1b2b46c8968bf54d7cc;Contradicts;0.5351000428199768
67;Update to <iden> <version>;Use get instead of parse for <iden> and <iden> where valid input is always required;https://github.com/square/retrofit/commit/ce71d0527610689ea096c6f30f9ef6eac8266b1d;Revert Revert Allow  <file_name>  instantiation. Hide some Apache implementation details.;This reverts commit  <otherCommit_link>;https://github.com/square/retrofit/commit/f87f9b3c032714980299d6da20b3ae87a8bb3109;Contradicts;0.561454176902771
68;Update to <iden> <version>;Use get instead of parse for <iden> and <iden> where valid input is always required;https://github.com/square/retrofit/commit/ce71d0527610689ea096c6f30f9ef6eac8266b1d;Changing `<file_name>` to implement `<file_name>` interface;interface;https://github.com/square/retrofit/commit/884593d0e46c4eb30dd6e9ac8056bfdc2848345e;Contradicts;0.6164105534553528
69;Consolidate exception formatters in one place  ;streamline implementation and improve maintenance;https://github.com/square/retrofit/commit/f3bf724467cbd07127d26953bfc6f7e9b724b6ba;Switch to a generic to/from  <file_name> , explicit factory.;This allows for specialization based on for what purpose the  <file_name>  is being created.;https://github.com/square/retrofit/commit/42b6f8c5de4d63c01425a8b5c7c4765b84f798ec;Contradicts;0.5914309024810791
70;Consolidate exception formatters in one place  ;streamline implementation and improve maintenance;https://github.com/square/retrofit/commit/f3bf724467cbd07127d26953bfc6f7e9b724b6ba;Revert Revert Allow  <file_name>  instantiation. Hide some Apache implementation details.;This reverts commit  <otherCommit_link>;https://github.com/square/retrofit/commit/f87f9b3c032714980299d6da20b3ae87a8bb3109;Contradicts;0.5964928865432739
71;Pull out <file_name> base class <enter>;This will allow us to support multiple forms of invocation beyond <iden> calls.;https://github.com/square/retrofit/commit/0fff59140b5791ad0f1b1c7bf7826db2e00a73f1;Reintroduced deprecated <file_name> constructor;deprecated;https://github.com/square/retrofit/commit/ed2e8a5b52e933034b74e5aa66bc42862bfd30de;Contradicts;0.8573492169380188
72;Remove old <iden> nonsense;As of API 26 the android.jar contains the classes checked by <iden> and used by <iden>.Java8. And we dont encourage throwing checked exceptions from the service method but instead routing them through your call adapter.;https://github.com/square/retrofit/commit/246bef5bf34c0598a91038b2e15bace7718408d4;Rename <method_name> to onSuccess(), and failure() to <iden>();to onSuccess(), and failure(), <iden>;https://github.com/square/retrofit/commit/cf392789e4d1a4e7b8e450ccd708f4ad128e3c1c;Contradicts;0.9338498711586
73;Remove old <iden> nonsense;As of API 26 the android.jar contains the classes checked by <iden> and used by <iden>.Java8. And we dont encourage throwing checked exceptions from the service method but instead routing them through your call adapter.;https://github.com/square/retrofit/commit/246bef5bf34c0598a91038b2e15bace7718408d4;Add converters module and protobuf converter;to the sentence;https://github.com/square/retrofit/commit/ebf8c26a7b350dd9eb03b0240f9aaf75e0833d30;Contradicts;0.5532045960426331
74;Remove old <iden> nonsense;As of API 26 the android.jar contains the classes checked by <iden> and used by <iden>.Java8. And we dont encourage throwing checked exceptions from the service method but instead routing them through your call adapter.;https://github.com/square/retrofit/commit/246bef5bf34c0598a91038b2e15bace7718408d4;Reintroduced deprecated <file_name> constructor;deprecated;https://github.com/square/retrofit/commit/ed2e8a5b52e933034b74e5aa66bc42862bfd30de;Contradicts;0.954214334487915
75;Use HTTPS links in documentation where possible  ;where possible;https://github.com/square/retrofit/commit/c793de34b30cdd592dfa735bc0537400a7221164;Switch to a generic to/from  <file_name> , explicit factory.;This allows for specialization based on for what purpose the  <file_name>  is being created.;https://github.com/square/retrofit/commit/42b6f8c5de4d63c01425a8b5c7c4765b84f798ec;Contradicts;0.6765092611312866
76;Use HTTPS links in documentation where possible  ;where possible;https://github.com/square/retrofit/commit/c793de34b30cdd592dfa735bc0537400a7221164;Reintroduced deprecated <file_name> constructor;deprecated;https://github.com/square/retrofit/commit/ed2e8a5b52e933034b74e5aa66bc42862bfd30de;Contradicts;0.6275164484977722
77;Combine <file_name> and <iden> into <method_name> <enter>  ;This is one class that handles all of the annotations and binding for a service method;https://github.com/square/retrofit/commit/6961f57ab97224073743b1f14a0395a493c52985;Rename <method_name> to onSuccess(), and failure() to <iden>();to onSuccess(), and failure(), <iden>;https://github.com/square/retrofit/commit/cf392789e4d1a4e7b8e450ccd708f4ad128e3c1c;Contradicts;0.8899573683738708
78;Combine <file_name> and <iden> into <method_name> <enter>  ;This is one class that handles all of the annotations and binding for a service method;https://github.com/square/retrofit/commit/6961f57ab97224073743b1f14a0395a493c52985;Switch to a generic to/from  <file_name> , explicit factory.;This allows for specialization based on for what purpose the  <file_name>  is being created.;https://github.com/square/retrofit/commit/42b6f8c5de4d63c01425a8b5c7c4765b84f798ec;Contradicts;0.7265965342521667
79;Combine <file_name> and <iden> into <method_name> <enter>  ;This is one class that handles all of the annotations and binding for a service method;https://github.com/square/retrofit/commit/6961f57ab97224073743b1f14a0395a493c52985;Move <file_name> into the main package, remove <iden> from core;This change means that only <iden> and <iden> are the types which are allowed for their respective objects by default. If you want serialization of any kind, you need to opt-in with either your own <file_name> or one of the provided ones;https://github.com/square/retrofit/commit/9b203b66891c1d363529a1b2b46c8968bf54d7cc;Contradicts;0.6517695188522339
80;Combine <file_name> and <iden> into <method_name> <enter>  ;This is one class that handles all of the annotations and binding for a service method;https://github.com/square/retrofit/commit/6961f57ab97224073743b1f14a0395a493c52985;Allow <file_name> instantiation  ;Hide some Apache implementation details;https://github.com/square/retrofit/commit/60607af32d629121e6479e95970e3b5da1b2f176;Contradicts;0.6938797831535339
81;Combine <file_name> and <iden> into <method_name> <enter>  ;This is one class that handles all of the annotations and binding for a service method;https://github.com/square/retrofit/commit/6961f57ab97224073743b1f14a0395a493c52985;Reintroduced deprecated <file_name> constructor;deprecated;https://github.com/square/retrofit/commit/ed2e8a5b52e933034b74e5aa66bc42862bfd30de;Contradicts;0.8225380778312683
82;Combine <file_name> and <iden> into <method_name> <enter>  ;This is one class that handles all of the annotations and binding for a service method;https://github.com/square/retrofit/commit/6961f57ab97224073743b1f14a0395a493c52985;rename <iden> ->  <file_name>  ;to harvest the names for new annotations;https://github.com/square/retrofit/commit/f844530c11dca51bd8d96afc87b6e94d0a20917a;Contradicts;0.8175134062767029
83;Combine <file_name> and <iden> into <method_name> <enter>  ;This is one class that handles all of the annotations and binding for a service method;https://github.com/square/retrofit/commit/6961f57ab97224073743b1f14a0395a493c52985;moved util to <file_name>, added <file_name>  ;Organize and enhance code files;https://github.com/square/retrofit/commit/fb98822a9c17acfb6846d3f07d368804e155fd3f;Contradicts;0.7487731575965881
84;Combine <file_name> and <iden> into <method_name> <enter>  ;This is one class that handles all of the annotations and binding for a service method;https://github.com/square/retrofit/commit/6961f57ab97224073743b1f14a0395a493c52985;Changing `<file_name>` to implement `<file_name>` interface;interface;https://github.com/square/retrofit/commit/884593d0e46c4eb30dd6e9ac8056bfdc2848345e;Contradicts;0.5122303366661072
85;Rename <method_name> to onSuccess(), and failure() to <iden>();to onSuccess(), and failure(), <iden>;https://github.com/square/retrofit/commit/cf392789e4d1a4e7b8e450ccd708f4ad128e3c1c;Switch to a generic to/from  <file_name> , explicit factory.;This allows for specialization based on for what purpose the  <file_name>  is being created.;https://github.com/square/retrofit/commit/42b6f8c5de4d63c01425a8b5c7c4765b84f798ec;Contradicts;0.5923663377761841
86;Rename <method_name> to onSuccess(), and failure() to <iden>();to onSuccess(), and failure(), <iden>;https://github.com/square/retrofit/commit/cf392789e4d1a4e7b8e450ccd708f4ad128e3c1c;Move <file_name> into the main package, remove <iden> from core;This change means that only <iden> and <iden> are the types which are allowed for their respective objects by default. If you want serialization of any kind, you need to opt-in with either your own <file_name> or one of the provided ones;https://github.com/square/retrofit/commit/9b203b66891c1d363529a1b2b46c8968bf54d7cc;Contradicts;0.6135258078575134
87;Rename <method_name> to onSuccess(), and failure() to <iden>();to onSuccess(), and failure(), <iden>;https://github.com/square/retrofit/commit/cf392789e4d1a4e7b8e450ccd708f4ad128e3c1c;Reintroduced deprecated <file_name> constructor;deprecated;https://github.com/square/retrofit/commit/ed2e8a5b52e933034b74e5aa66bc42862bfd30de;Contradicts;0.8055628538131714
88;Rename <method_name> to onSuccess(), and failure() to <iden>();to onSuccess(), and failure(), <iden>;https://github.com/square/retrofit/commit/cf392789e4d1a4e7b8e450ccd708f4ad128e3c1c;Changing `<file_name>` to implement `<file_name>` interface;interface;https://github.com/square/retrofit/commit/884593d0e46c4eb30dd6e9ac8056bfdc2848345e;Contradicts;0.5359510779380798
89;Refer to the latest OkHttp version;latest;https://github.com/square/retrofit/commit/d9300dd040a7ca9523d35d1cc49417fa73182639;Switch to a generic to/from  <file_name> , explicit factory.;This allows for specialization based on for what purpose the  <file_name>  is being created.;https://github.com/square/retrofit/commit/42b6f8c5de4d63c01425a8b5c7c4765b84f798ec;Contradicts;0.6264552474021912
90;Refer to the latest OkHttp version;latest;https://github.com/square/retrofit/commit/d9300dd040a7ca9523d35d1cc49417fa73182639;Revert Revert Allow  <file_name>  instantiation. Hide some Apache implementation details.;This reverts commit  <otherCommit_link>;https://github.com/square/retrofit/commit/f87f9b3c032714980299d6da20b3ae87a8bb3109;Contradicts;0.7030513286590576
91;Refer to the latest OkHttp version;latest;https://github.com/square/retrofit/commit/d9300dd040a7ca9523d35d1cc49417fa73182639;Reintroduced deprecated <file_name> constructor;deprecated;https://github.com/square/retrofit/commit/ed2e8a5b52e933034b74e5aa66bc42862bfd30de;Contradicts;0.882600724697113
92;Add JSR 305 nullability annotations;nullability annotations;https://github.com/square/retrofit/commit/3c963a4a470194961e98952b2b51b8b29901d9e5;Document maps dont allow null anywhere;null anywhere;https://github.com/square/retrofit/commit/10ff3d97faadcd6f716447d3376f9f51992e44dd;Contradicts;0.712727963924408
93;Add JSR 305 nullability annotations;nullability annotations;https://github.com/square/retrofit/commit/3c963a4a470194961e98952b2b51b8b29901d9e5;Revert Revert Allow  <file_name>  instantiation. Hide some Apache implementation details.;This reverts commit  <otherCommit_link>;https://github.com/square/retrofit/commit/f87f9b3c032714980299d6da20b3ae87a8bb3109;Contradicts;0.7130762934684753
94;Update <file_name> to the latest version;the latest version;https://github.com/square/retrofit/commit/a9eb2696ef928e406442f7f43394c4cbaa6d0c8d;Switch to a generic to/from  <file_name> , explicit factory.;This allows for specialization based on for what purpose the  <file_name>  is being created.;https://github.com/square/retrofit/commit/42b6f8c5de4d63c01425a8b5c7c4765b84f798ec;Contradicts;0.5260277390480042
95;Update <file_name> to the latest version;the latest version;https://github.com/square/retrofit/commit/a9eb2696ef928e406442f7f43394c4cbaa6d0c8d;Reintroduced deprecated <file_name> constructor;deprecated;https://github.com/square/retrofit/commit/ed2e8a5b52e933034b74e5aa66bc42862bfd30de;Contradicts;0.905970573425293
96;Remove unused interface  ;unused;https://github.com/square/retrofit/commit/98d622aa8cb1dbf8ba0a055b641968af556b9105;Switch to a generic to/from  <file_name> , explicit factory.;This allows for specialization based on for what purpose the  <file_name>  is being created.;https://github.com/square/retrofit/commit/42b6f8c5de4d63c01425a8b5c7c4765b84f798ec;Contradicts;0.5663123726844788
97;Remove unused interface  ;unused;https://github.com/square/retrofit/commit/98d622aa8cb1dbf8ba0a055b641968af556b9105;Revert Revert Allow  <file_name>  instantiation. Hide some Apache implementation details.;This reverts commit  <otherCommit_link>;https://github.com/square/retrofit/commit/f87f9b3c032714980299d6da20b3ae87a8bb3109;Contradicts;0.5793283581733704
98;Remove unused interface  ;unused;https://github.com/square/retrofit/commit/98d622aa8cb1dbf8ba0a055b641968af556b9105;Reintroduced deprecated <file_name> constructor;deprecated;https://github.com/square/retrofit/commit/ed2e8a5b52e933034b74e5aa66bc42862bfd30de;Contradicts;0.6822841167449951
99;Remove unused interface  ;unused;https://github.com/square/retrofit/commit/98d622aa8cb1dbf8ba0a055b641968af556b9105;Changing `<file_name>` to implement `<file_name>` interface;interface;https://github.com/square/retrofit/commit/884593d0e46c4eb30dd6e9ac8056bfdc2848345e;Contradicts;0.6001151204109192
100;Simplify observable creation and reduce runtime allocations;Simplify, reduce;https://github.com/square/retrofit/commit/db061137bc7a757a527773e3024083750982051f;Reintroduced deprecated <file_name> constructor;deprecated;https://github.com/square/retrofit/commit/ed2e8a5b52e933034b74e5aa66bc42862bfd30de;Contradicts;0.5629485845565796
101;Refactor <iden> tests to avoid the use of blocking operators  ;avoid the use of blocking operators;https://github.com/square/retrofit/commit/999c72be0468664c711159cd53deff79e62ee4a1;Move <file_name> into the main package, remove <iden> from core;This change means that only <iden> and <iden> are the types which are allowed for their respective objects by default. If you want serialization of any kind, you need to opt-in with either your own <file_name> or one of the provided ones;https://github.com/square/retrofit/commit/9b203b66891c1d363529a1b2b46c8968bf54d7cc;Contradicts;0.7477759122848511
102;Refactor <iden> tests to avoid the use of blocking operators  ;avoid the use of blocking operators;https://github.com/square/retrofit/commit/999c72be0468664c711159cd53deff79e62ee4a1;Reintroduced deprecated <file_name> constructor;deprecated;https://github.com/square/retrofit/commit/ed2e8a5b52e933034b74e5aa66bc42862bfd30de;Contradicts;0.8142892718315125
103;Remove duplicated test  ;It is the same as in this file;https://github.com/square/retrofit/commit/e3b839eb49ac856ac5cffb7c113321df9244e29f;Revert Revert Allow  <file_name>  instantiation. Hide some Apache implementation details.;This reverts commit  <otherCommit_link>;https://github.com/square/retrofit/commit/f87f9b3c032714980299d6da20b3ae87a8bb3109;Contradicts;0.5555188655853271
104;Remove duplicated test  ;It is the same as in this file;https://github.com/square/retrofit/commit/e3b839eb49ac856ac5cffb7c113321df9244e29f;Reintroduced deprecated <file_name> constructor;deprecated;https://github.com/square/retrofit/commit/ed2e8a5b52e933034b74e5aa66bc42862bfd30de;Contradicts;0.5679471492767334
105;call it a <version>;Actually;https://github.com/square/retrofit/commit/644be3a725ce2b19ae1139b1420c6487e3d3998b;Revert Revert Allow  <file_name>  instantiation. Hide some Apache implementation details.;This reverts commit  <otherCommit_link>;https://github.com/square/retrofit/commit/f87f9b3c032714980299d6da20b3ae87a8bb3109;Contradicts;0.5538778305053711
106;call it a <version>;Actually;https://github.com/square/retrofit/commit/644be3a725ce2b19ae1139b1420c6487e3d3998b;Reintroduced deprecated <file_name> constructor;deprecated;https://github.com/square/retrofit/commit/ed2e8a5b52e933034b74e5aa66bc42862bfd30de;Contradicts;0.5952498316764832
107;call it a <version>;Actually;https://github.com/square/retrofit/commit/644be3a725ce2b19ae1139b1420c6487e3d3998b;Changing `<file_name>` to implement `<file_name>` interface;interface;https://github.com/square/retrofit/commit/884593d0e46c4eb30dd6e9ac8056bfdc2848345e;Contradicts;0.5405405163764954
108;Add missing import  ;missing;https://github.com/square/retrofit/commit/6f8a9a664c0198992b8478e0671cc4a7db4f1d8e;Switch to a generic to/from  <file_name> , explicit factory.;This allows for specialization based on for what purpose the  <file_name>  is being created.;https://github.com/square/retrofit/commit/42b6f8c5de4d63c01425a8b5c7c4765b84f798ec;Contradicts;0.8382229208946228
109;Add missing import  ;missing;https://github.com/square/retrofit/commit/6f8a9a664c0198992b8478e0671cc4a7db4f1d8e;Revert Revert Allow  <file_name>  instantiation. Hide some Apache implementation details.;This reverts commit  <otherCommit_link>;https://github.com/square/retrofit/commit/f87f9b3c032714980299d6da20b3ae87a8bb3109;Contradicts;0.8142824769020081
110;Document maps dont allow null anywhere;null anywhere;https://github.com/square/retrofit/commit/10ff3d97faadcd6f716447d3376f9f51992e44dd;Revert Revert Allow  <file_name>  instantiation. Hide some Apache implementation details.;This reverts commit  <otherCommit_link>;https://github.com/square/retrofit/commit/f87f9b3c032714980299d6da20b3ae87a8bb3109;Contradicts;0.5512939095497131
111;Document maps dont allow null anywhere;null anywhere;https://github.com/square/retrofit/commit/10ff3d97faadcd6f716447d3376f9f51992e44dd;Reintroduced deprecated <file_name> constructor;deprecated;https://github.com/square/retrofit/commit/ed2e8a5b52e933034b74e5aa66bc42862bfd30de;Contradicts;0.6598805785179138
112;Remove the need for generated accessor methods  ;need for generated accessor methods;https://github.com/square/retrofit/commit/7bbbf1937c6e5ed79d14c2c13fc30d5f8305e43c;Reintroduced deprecated <file_name> constructor;deprecated;https://github.com/square/retrofit/commit/ed2e8a5b52e933034b74e5aa66bc42862bfd30de;Contradicts;0.6123848557472229
113;Propagate callback executor even when not explicitly specified  ;This lets custom <iden> implementations use the <file_name> default for their callbacks;https://github.com/square/retrofit/commit/cb5c9cec34490559f0332941dd6b22e29471b9cb;Switch to a generic to/from  <file_name> , explicit factory.;This allows for specialization based on for what purpose the  <file_name>  is being created.;https://github.com/square/retrofit/commit/42b6f8c5de4d63c01425a8b5c7c4765b84f798ec;Contradicts;0.890897810459137
114;Propagate callback executor even when not explicitly specified  ;This lets custom <iden> implementations use the <file_name> default for their callbacks;https://github.com/square/retrofit/commit/cb5c9cec34490559f0332941dd6b22e29471b9cb;Reintroduced deprecated <file_name> constructor;deprecated;https://github.com/square/retrofit/commit/ed2e8a5b52e933034b74e5aa66bc42862bfd30de;Contradicts;0.7391438484191895
115;Propagate callback executor even when not explicitly specified  ;This lets custom <iden> implementations use the <file_name> default for their callbacks;https://github.com/square/retrofit/commit/cb5c9cec34490559f0332941dd6b22e29471b9cb;Changing `<file_name>` to implement `<file_name>` interface;interface;https://github.com/square/retrofit/commit/884593d0e46c4eb30dd6e9ac8056bfdc2848345e;Contradicts;0.5620558857917786
116;Add example of using <iden> <file_name> as a <iden> <method_name>  ;This also adds the <file_name> instance as a param to the string <file_name> to allow it to delegate to others directly. This brings it into parity with the method signatures of the other <file_name> methods anyway.;https://github.com/square/retrofit/commit/a19609a16359af66aec5410459899291b2c45cf1;Switch to a generic to/from  <file_name> , explicit factory.;This allows for specialization based on for what purpose the  <file_name>  is being created.;https://github.com/square/retrofit/commit/42b6f8c5de4d63c01425a8b5c7c4765b84f798ec;Contradicts;0.6053638458251953
117;Add example of using <iden> <file_name> as a <iden> <method_name>  ;This also adds the <file_name> instance as a param to the string <file_name> to allow it to delegate to others directly. This brings it into parity with the method signatures of the other <file_name> methods anyway.;https://github.com/square/retrofit/commit/a19609a16359af66aec5410459899291b2c45cf1;Move <file_name> into the main package, remove <iden> from core;This change means that only <iden> and <iden> are the types which are allowed for their respective objects by default. If you want serialization of any kind, you need to opt-in with either your own <file_name> or one of the provided ones;https://github.com/square/retrofit/commit/9b203b66891c1d363529a1b2b46c8968bf54d7cc;Contradicts;0.7223545908927917
118;Add example of using <iden> <file_name> as a <iden> <method_name>  ;This also adds the <file_name> instance as a param to the string <file_name> to allow it to delegate to others directly. This brings it into parity with the method signatures of the other <file_name> methods anyway.;https://github.com/square/retrofit/commit/a19609a16359af66aec5410459899291b2c45cf1;Revert Revert Allow  <file_name>  instantiation. Hide some Apache implementation details.;This reverts commit  <otherCommit_link>;https://github.com/square/retrofit/commit/f87f9b3c032714980299d6da20b3ae87a8bb3109;Contradicts;0.6432400345802307
119;Add example of using <iden> <file_name> as a <iden> <method_name>  ;This also adds the <file_name> instance as a param to the string <file_name> to allow it to delegate to others directly. This brings it into parity with the method signatures of the other <file_name> methods anyway.;https://github.com/square/retrofit/commit/a19609a16359af66aec5410459899291b2c45cf1;Reintroduced deprecated <file_name> constructor;deprecated;https://github.com/square/retrofit/commit/ed2e8a5b52e933034b74e5aa66bc42862bfd30de;Contradicts;0.8432052731513977
120;Use new <iden>s non-throwing close and a simpler body copy;non-throwing close and a simpler body			      ;https://github.com/square/retrofit/commit/78119485c2ee60cbeb2dc478679cfd7b9712ddbd;Move <file_name> into the main package, remove <iden> from core;This change means that only <iden> and <iden> are the types which are allowed for their respective objects by default. If you want serialization of any kind, you need to opt-in with either your own <file_name> or one of the provided ones;https://github.com/square/retrofit/commit/9b203b66891c1d363529a1b2b46c8968bf54d7cc;Contradicts;0.6353196501731873
121;Use new <iden>s non-throwing close and a simpler body copy;non-throwing close and a simpler body			      ;https://github.com/square/retrofit/commit/78119485c2ee60cbeb2dc478679cfd7b9712ddbd;Revert Revert Allow  <file_name>  instantiation. Hide some Apache implementation details.;This reverts commit  <otherCommit_link>;https://github.com/square/retrofit/commit/f87f9b3c032714980299d6da20b3ae87a8bb3109;Contradicts;0.6595706343650818
122;Use new <iden>s non-throwing close and a simpler body copy;non-throwing close and a simpler body			      ;https://github.com/square/retrofit/commit/78119485c2ee60cbeb2dc478679cfd7b9712ddbd;Reintroduced deprecated <file_name> constructor;deprecated;https://github.com/square/retrofit/commit/ed2e8a5b52e933034b74e5aa66bc42862bfd30de;Contradicts;0.9809169769287108
123;Remove incorrect generic parameter  ;incorrect;https://github.com/square/retrofit/commit/c342d650a8abe8c87222d286a2c321ba9563e47b;Switch to a generic to/from  <file_name> , explicit factory.;This allows for specialization based on for what purpose the  <file_name>  is being created.;https://github.com/square/retrofit/commit/42b6f8c5de4d63c01425a8b5c7c4765b84f798ec;Contradicts;0.8054305911064148
124;Remove incorrect generic parameter  ;incorrect;https://github.com/square/retrofit/commit/c342d650a8abe8c87222d286a2c321ba9563e47b;Revert Revert Allow  <file_name>  instantiation. Hide some Apache implementation details.;This reverts commit  <otherCommit_link>;https://github.com/square/retrofit/commit/f87f9b3c032714980299d6da20b3ae87a8bb3109;Contradicts;0.6161373257637024
125;Remove incorrect generic parameter  ;incorrect;https://github.com/square/retrofit/commit/c342d650a8abe8c87222d286a2c321ba9563e47b;Reintroduced deprecated <file_name> constructor;deprecated;https://github.com/square/retrofit/commit/ed2e8a5b52e933034b74e5aa66bc42862bfd30de;Contradicts;0.7420278191566467
126;Use a correct implementation of path encoding;correct;https://github.com/square/retrofit/commit/a9c0512fa6f88933702bf0e12243f5a584c01f66;Log network and unexpected exceptions if logging is enabled  ;if logging is enabled;https://github.com/square/retrofit/commit/ba551e6bcf168a61a7abb296c9d52c9f8f77dcf8;Contradicts;0.568744957447052
127;Use a correct implementation of path encoding;correct;https://github.com/square/retrofit/commit/a9c0512fa6f88933702bf0e12243f5a584c01f66;Reintroduced deprecated <file_name> constructor;deprecated;https://github.com/square/retrofit/commit/ed2e8a5b52e933034b74e5aa66bc42862bfd30de;Contradicts;0.5901826024055481
128;Switch to a generic to/from  <file_name> , explicit factory.;This allows for specialization based on for what purpose the  <file_name>  is being created.;https://github.com/square/retrofit/commit/42b6f8c5de4d63c01425a8b5c7c4765b84f798ec;Remove unused classes from <otherCommit_link>;unused;https://github.com/square/retrofit/commit/7a06832e3cee1f4d90ac8fd24fc39f90e3787b4c;Contradicts;0.5237566232681274
129;Switch to a generic to/from  <file_name> , explicit factory.;This allows for specialization based on for what purpose the  <file_name>  is being created.;https://github.com/square/retrofit/commit/42b6f8c5de4d63c01425a8b5c7c4765b84f798ec;Revert Revert Allow  <file_name>  instantiation. Hide some Apache implementation details.;This reverts commit  <otherCommit_link>;https://github.com/square/retrofit/commit/f87f9b3c032714980299d6da20b3ae87a8bb3109;Contradicts;0.6122263669967651
130;Switch to a generic to/from  <file_name> , explicit factory.;This allows for specialization based on for what purpose the  <file_name>  is being created.;https://github.com/square/retrofit/commit/42b6f8c5de4d63c01425a8b5c7c4765b84f798ec;Hide more implementation details;more implementation details;https://github.com/square/retrofit/commit/6d8de7d80b343397f12429012571c656eac773bf;Contradicts;0.5256929397583008
131;Switch to a generic to/from  <file_name> , explicit factory.;This allows for specialization based on for what purpose the  <file_name>  is being created.;https://github.com/square/retrofit/commit/42b6f8c5de4d63c01425a8b5c7c4765b84f798ec;Use no_aop Guice variant  ;no_aop;https://github.com/square/retrofit/commit/23eec0b89eb74bff83b55956a585f95bc42469f4;Contradicts;0.5580732226371765
132;Switch to a generic to/from  <file_name> , explicit factory.;This allows for specialization based on for what purpose the  <file_name>  is being created.;https://github.com/square/retrofit/commit/42b6f8c5de4d63c01425a8b5c7c4765b84f798ec;Adding a human-readable name to the  <file_name>  interface;human-readable;https://github.com/square/retrofit/commit/3b5a795892ac079320f6e4fb0d715a6d1a619122;Contradicts;0.57742840051651
133;Switch to a generic to/from  <file_name> , explicit factory.;This allows for specialization based on for what purpose the  <file_name>  is being created.;https://github.com/square/retrofit/commit/42b6f8c5de4d63c01425a8b5c7c4765b84f798ec;Reintroduced deprecated <file_name> constructor;deprecated;https://github.com/square/retrofit/commit/ed2e8a5b52e933034b74e5aa66bc42862bfd30de;Contradicts;0.91469007730484
134;Switch to a generic to/from  <file_name> , explicit factory.;This allows for specialization based on for what purpose the  <file_name>  is being created.;https://github.com/square/retrofit/commit/42b6f8c5de4d63c01425a8b5c7c4765b84f798ec;rename <iden> ->  <file_name>  ;to harvest the names for new annotations;https://github.com/square/retrofit/commit/f844530c11dca51bd8d96afc87b6e94d0a20917a;Contradicts;0.851386547088623
135;Update RxJava to the specified version with an important Android fix  ;In case someone is relying on the transitive dependency;https://github.com/square/retrofit/commit/c0cc4cb5bbf688a11dda5531f009300b20005e61;Revert Revert Allow  <file_name>  instantiation. Hide some Apache implementation details.;This reverts commit  <otherCommit_link>;https://github.com/square/retrofit/commit/f87f9b3c032714980299d6da20b3ae87a8bb3109;Contradicts;0.7717804312705994
136;Update RxJava to the specified version with an important Android fix  ;In case someone is relying on the transitive dependency;https://github.com/square/retrofit/commit/c0cc4cb5bbf688a11dda5531f009300b20005e61;Reintroduced deprecated <file_name> constructor;deprecated;https://github.com/square/retrofit/commit/ed2e8a5b52e933034b74e5aa66bc42862bfd30de;Contradicts;0.8315656185150146
137;Update RxJava to the specified version with an important Android fix  ;In case someone is relying on the transitive dependency;https://github.com/square/retrofit/commit/c0cc4cb5bbf688a11dda5531f009300b20005e61;Changing `<file_name>` to implement `<file_name>` interface;interface;https://github.com/square/retrofit/commit/884593d0e46c4eb30dd6e9ac8056bfdc2848345e;Contradicts;0.5401419997215271
138;Naming, API changes, and documentation around mock services.  ;mock services;https://github.com/square/retrofit/commit/21f327cc70d010af01d57ddb2ff209bef7f05033;Use the annotations directly for parameter handling.;Before we attempted to normalize the parameter annotations into a name and type model. The introduction of multi-part transfer encodings required something more expressive so the annotation instances themselves were used. This change removes the name and type in favor of using the annotation for everything.;https://github.com/square/retrofit/commit/46598adb1da0f6d2498d9f8b815b170bf95fe1f8;Contradicts;0.5157038569450378
139;Naming, API changes, and documentation around mock services.  ;mock services;https://github.com/square/retrofit/commit/21f327cc70d010af01d57ddb2ff209bef7f05033;Add converters module and protobuf converter;to the sentence;https://github.com/square/retrofit/commit/ebf8c26a7b350dd9eb03b0240f9aaf75e0833d30;Contradicts;0.5520032048225403
140;Naming, API changes, and documentation around mock services.  ;mock services;https://github.com/square/retrofit/commit/21f327cc70d010af01d57ddb2ff209bef7f05033;Revert Revert Allow  <file_name>  instantiation. Hide some Apache implementation details.;This reverts commit  <otherCommit_link>;https://github.com/square/retrofit/commit/f87f9b3c032714980299d6da20b3ae87a8bb3109;Contradicts;0.7963783144950867
141;Naming, API changes, and documentation around mock services.  ;mock services;https://github.com/square/retrofit/commit/21f327cc70d010af01d57ddb2ff209bef7f05033;Hide more implementation details;more implementation details;https://github.com/square/retrofit/commit/6d8de7d80b343397f12429012571c656eac773bf;Contradicts;0.6521297097206116
142;Naming, API changes, and documentation around mock services.  ;mock services;https://github.com/square/retrofit/commit/21f327cc70d010af01d57ddb2ff209bef7f05033;Reintroduced deprecated <file_name> constructor;deprecated;https://github.com/square/retrofit/commit/ed2e8a5b52e933034b74e5aa66bc42862bfd30de;Contradicts;0.6235792636871338
143;Naming, API changes, and documentation around mock services.  ;mock services;https://github.com/square/retrofit/commit/21f327cc70d010af01d57ddb2ff209bef7f05033;Fix spelling;spelling;https://github.com/square/retrofit/commit/ffab8145393225741167a003577696549573e857;Contradicts;0.5391342043876648
144;Introduce factory for <file_name> concept;This is still highly-inefficient in its internal use and there are no tests proving that we now fail earlier in configuring a service method;https://github.com/square/retrofit/commit/fe6d0f9b2a68063a086fa9da80d04293fbe3becf;Move <file_name> into the main package, remove <iden> from core;This change means that only <iden> and <iden> are the types which are allowed for their respective objects by default. If you want serialization of any kind, you need to opt-in with either your own <file_name> or one of the provided ones;https://github.com/square/retrofit/commit/9b203b66891c1d363529a1b2b46c8968bf54d7cc;Contradicts;0.5295946598052979
145;Introduce factory for <file_name> concept;This is still highly-inefficient in its internal use and there are no tests proving that we now fail earlier in configuring a service method;https://github.com/square/retrofit/commit/fe6d0f9b2a68063a086fa9da80d04293fbe3becf;Revert Revert Allow  <file_name>  instantiation. Hide some Apache implementation details.;This reverts commit  <otherCommit_link>;https://github.com/square/retrofit/commit/f87f9b3c032714980299d6da20b3ae87a8bb3109;Contradicts;0.7473760843276978
146;Introduce factory for <file_name> concept;This is still highly-inefficient in its internal use and there are no tests proving that we now fail earlier in configuring a service method;https://github.com/square/retrofit/commit/fe6d0f9b2a68063a086fa9da80d04293fbe3becf;Reintroduced deprecated <file_name> constructor;deprecated;https://github.com/square/retrofit/commit/ed2e8a5b52e933034b74e5aa66bc42862bfd30de;Contradicts;0.7901018857955933
147;Move <file_name> into the main package, remove <iden> from core;This change means that only <iden> and <iden> are the types which are allowed for their respective objects by default. If you want serialization of any kind, you need to opt-in with either your own <file_name> or one of the provided ones;https://github.com/square/retrofit/commit/9b203b66891c1d363529a1b2b46c8968bf54d7cc;Provide a mutable <file_name> implementation. <iden> to conform.;to conform;https://github.com/square/retrofit/commit/9e7b7c04bf0a2d1c34eeed8f28a52a8c7009aaf7;Contradicts;0.7101019620895386
148;Move <file_name> into the main package, remove <iden> from core;This change means that only <iden> and <iden> are the types which are allowed for their respective objects by default. If you want serialization of any kind, you need to opt-in with either your own <file_name> or one of the provided ones;https://github.com/square/retrofit/commit/9b203b66891c1d363529a1b2b46c8968bf54d7cc;Reintroduced deprecated <file_name> constructor;deprecated;https://github.com/square/retrofit/commit/ed2e8a5b52e933034b74e5aa66bc42862bfd30de;Contradicts;0.7480993270874023
149;Move <file_name> into the main package, remove <iden> from core;This change means that only <iden> and <iden> are the types which are allowed for their respective objects by default. If you want serialization of any kind, you need to opt-in with either your own <file_name> or one of the provided ones;https://github.com/square/retrofit/commit/9b203b66891c1d363529a1b2b46c8968bf54d7cc;fix issue <issue_link> : permit use when servers or intermediaries mistakingly miss Content-<iden> header;mistakingly miss Content-<iden> header;https://github.com/square/retrofit/commit/7ca5b518bccbe7c725a2e987887a1624187188be;Contradicts;0.6814730167388916
150;Remove unused classes from <otherCommit_link>;unused;https://github.com/square/retrofit/commit/7a06832e3cee1f4d90ac8fd24fc39f90e3787b4c;Revert Revert Allow  <file_name>  instantiation. Hide some Apache implementation details.;This reverts commit  <otherCommit_link>;https://github.com/square/retrofit/commit/f87f9b3c032714980299d6da20b3ae87a8bb3109;Contradicts;0.5439808964729309
151;Remove unused classes from <otherCommit_link>;unused;https://github.com/square/retrofit/commit/7a06832e3cee1f4d90ac8fd24fc39f90e3787b4c;Reintroduced deprecated <file_name> constructor;deprecated;https://github.com/square/retrofit/commit/ed2e8a5b52e933034b74e5aa66bc42862bfd30de;Contradicts;0.7493727803230286
152;Remove unused classes from <otherCommit_link>;unused;https://github.com/square/retrofit/commit/7a06832e3cee1f4d90ac8fd24fc39f90e3787b4c;Changing `<file_name>` to implement `<file_name>` interface;interface;https://github.com/square/retrofit/commit/884593d0e46c4eb30dd6e9ac8056bfdc2848345e;Contradicts;0.7108664512634277
153;Update to OkHttp <version>. Fix a tiny potential NPE;potential NPE;https://github.com/square/retrofit/commit/757278c7ab7f6c8e5a40d16a5707c35e0f61c5ab;Revert Revert Allow  <file_name>  instantiation. Hide some Apache implementation details.;This reverts commit  <otherCommit_link>;https://github.com/square/retrofit/commit/f87f9b3c032714980299d6da20b3ae87a8bb3109;Contradicts;0.738172173500061
154;Fix annotation link;<iden> is gone;https://github.com/square/retrofit/commit/ed1122ae27c0503e3182e9a7d817097b7febcebb;Revert Revert Allow  <file_name>  instantiation. Hide some Apache implementation details.;This reverts commit  <otherCommit_link>;https://github.com/square/retrofit/commit/f87f9b3c032714980299d6da20b3ae87a8bb3109;Contradicts;0.6448864936828613
155;Use the annotations directly for parameter handling.;Before we attempted to normalize the parameter annotations into a name and type model. The introduction of multi-part transfer encodings required something more expressive so the annotation instances themselves were used. This change removes the name and type in favor of using the annotation for everything.;https://github.com/square/retrofit/commit/46598adb1da0f6d2498d9f8b815b170bf95fe1f8;Revert Revert Allow  <file_name>  instantiation. Hide some Apache implementation details.;This reverts commit  <otherCommit_link>;https://github.com/square/retrofit/commit/f87f9b3c032714980299d6da20b3ae87a8bb3109;Contradicts;0.6590428948402405
156;Use the annotations directly for parameter handling.;Before we attempted to normalize the parameter annotations into a name and type model. The introduction of multi-part transfer encodings required something more expressive so the annotation instances themselves were used. This change removes the name and type in favor of using the annotation for everything.;https://github.com/square/retrofit/commit/46598adb1da0f6d2498d9f8b815b170bf95fe1f8;Reintroduced deprecated <file_name> constructor;deprecated;https://github.com/square/retrofit/commit/ed2e8a5b52e933034b74e5aa66bc42862bfd30de;Contradicts;0.7906460762023926
157;Use the annotations directly for parameter handling.;Before we attempted to normalize the parameter annotations into a name and type model. The introduction of multi-part transfer encodings required something more expressive so the annotation instances themselves were used. This change removes the name and type in favor of using the annotation for everything.;https://github.com/square/retrofit/commit/46598adb1da0f6d2498d9f8b815b170bf95fe1f8;Changing `<file_name>` to implement `<file_name>` interface;interface;https://github.com/square/retrofit/commit/884593d0e46c4eb30dd6e9ac8056bfdc2848345e;Contradicts;0.5846713781356812
158;Expose success type on <method_name>;Theres a bit of a test gap going on for all the variants of successful and erroneous handling of sync, async, and rx. This new behavior is fully tested in all three but more general behavior testing for them will be needed in a follow-up.;https://github.com/square/retrofit/commit/fb746cb2f67a51c100e368844ac26dedb9e8eac4;Revert Revert Allow  <file_name>  instantiation. Hide some Apache implementation details.;This reverts commit  <otherCommit_link>;https://github.com/square/retrofit/commit/f87f9b3c032714980299d6da20b3ae87a8bb3109;Contradicts;0.8640516996383667
159;Correct map parameter type detection for query and field  ;-;https://github.com/square/retrofit/commit/dfe5d9eb51352d6cad8ac618e19577525adcab87;Revert Revert Allow  <file_name>  instantiation. Hide some Apache implementation details.;This reverts commit  <otherCommit_link>;https://github.com/square/retrofit/commit/f87f9b3c032714980299d6da20b3ae87a8bb3109;Contradicts;0.6058783531188965
160;Correct map parameter type detection for query and field  ;-;https://github.com/square/retrofit/commit/dfe5d9eb51352d6cad8ac618e19577525adcab87;Changing `<file_name>` to implement `<file_name>` interface;interface;https://github.com/square/retrofit/commit/884593d0e46c4eb30dd6e9ac8056bfdc2848345e;Contradicts;0.7388117909431458
161;Update <file_name> to latest. Add default constructor.;latest, Add default constructor;https://github.com/square/retrofit/commit/bcfc6ff673a9344172920415a04eaa904a90e78a;Revert Revert Allow  <file_name>  instantiation. Hide some Apache implementation details.;This reverts commit  <otherCommit_link>;https://github.com/square/retrofit/commit/f87f9b3c032714980299d6da20b3ae87a8bb3109;Contradicts;0.5320343375205994
162;Update <file_name> to latest. Add default constructor.;latest, Add default constructor;https://github.com/square/retrofit/commit/bcfc6ff673a9344172920415a04eaa904a90e78a;Reintroduced deprecated <file_name> constructor;deprecated;https://github.com/square/retrofit/commit/ed2e8a5b52e933034b74e5aa66bc42862bfd30de;Contradicts;0.9743891954421996
163;Update <file_name> to latest. Add default constructor.;latest, Add default constructor;https://github.com/square/retrofit/commit/bcfc6ff673a9344172920415a04eaa904a90e78a;Removal of Unnecessary Creation of <iden>;if <iden> has length 0 there is no point to create stringBuilder for that. that condition check needs to happen before stringBuilder creation.;https://github.com/square/retrofit/commit/aa7db2e7e89202d77222e8f449fa0e243d6cac82;Contradicts;0.5374780893325806
164;Add simple package info to root package  ;simple;https://github.com/square/retrofit/commit/9e93fc566670cde1cf873d92e7a27cdfeff494dd;Revert Revert Allow  <file_name>  instantiation. Hide some Apache implementation details.;This reverts commit  <otherCommit_link>;https://github.com/square/retrofit/commit/f87f9b3c032714980299d6da20b3ae87a8bb3109;Contradicts;0.7698705196380615
165;Properly name ignored exception in catch block  ;Properly naming;https://github.com/square/retrofit/commit/3bdad39745db76928fce0f31b3c2a8e8922c40b3;Revert Revert Allow  <file_name>  instantiation. Hide some Apache implementation details.;This reverts commit  <otherCommit_link>;https://github.com/square/retrofit/commit/f87f9b3c032714980299d6da20b3ae87a8bb3109;Contradicts;0.654920756816864
166;Correct header length checking logic. Improve exception message;Improve;https://github.com/square/retrofit/commit/d08bfa59f0c28879517f122da4e2eadd0c8f06c8;Revert Revert Allow  <file_name>  instantiation. Hide some Apache implementation details.;This reverts commit  <otherCommit_link>;https://github.com/square/retrofit/commit/f87f9b3c032714980299d6da20b3ae87a8bb3109;Contradicts;0.5822672843933105
167;Correct header length checking logic. Improve exception message;Improve;https://github.com/square/retrofit/commit/d08bfa59f0c28879517f122da4e2eadd0c8f06c8;Reintroduced deprecated <file_name> constructor;deprecated;https://github.com/square/retrofit/commit/ed2e8a5b52e933034b74e5aa66bc42862bfd30de;Contradicts;0.6122722029685974
168;Promote <iden> logging to a class which knows about chunking  ;This is an <iden>-specific implementation detail which is now only performed when needed;https://github.com/square/retrofit/commit/2e15cf9e75e4204aa492ecc1cbe53053f95a2a8f;Reintroduced deprecated <file_name> constructor;deprecated;https://github.com/square/retrofit/commit/ed2e8a5b52e933034b74e5aa66bc42862bfd30de;Contradicts;0.6451282501220703
169;Fix IntelliJ auto-formatting  ;Improve the formatting;https://github.com/square/retrofit/commit/e1278d2d76f7594d5b34692b1a00a2f32e549005;Revert Revert Allow  <file_name>  instantiation. Hide some Apache implementation details.;This reverts commit  <otherCommit_link>;https://github.com/square/retrofit/commit/f87f9b3c032714980299d6da20b3ae87a8bb3109;Contradicts;0.808670163154602
170;Add path and query tests for pre-encoded values;-;https://github.com/square/retrofit/commit/989d69f0cf365895a13e41e913c4871feca1dea9;Revert Revert Allow  <file_name>  instantiation. Hide some Apache implementation details.;This reverts commit  <otherCommit_link>;https://github.com/square/retrofit/commit/f87f9b3c032714980299d6da20b3ae87a8bb3109;Contradicts;0.6063402891159058
171;Add converters module and protobuf converter;to the sentence;https://github.com/square/retrofit/commit/ebf8c26a7b350dd9eb03b0240f9aaf75e0833d30;Revert Revert Allow  <file_name>  instantiation. Hide some Apache implementation details.;This reverts commit  <otherCommit_link>;https://github.com/square/retrofit/commit/f87f9b3c032714980299d6da20b3ae87a8bb3109;Contradicts;0.8616322875022888
172;Add converters module and protobuf converter;to the sentence;https://github.com/square/retrofit/commit/ebf8c26a7b350dd9eb03b0240f9aaf75e0833d30;Reintroduced deprecated <file_name> constructor;deprecated;https://github.com/square/retrofit/commit/ed2e8a5b52e933034b74e5aa66bc42862bfd30de;Contradicts;0.7089475393295288
173;Log network and unexpected exceptions if logging is enabled  ;if logging is enabled;https://github.com/square/retrofit/commit/ba551e6bcf168a61a7abb296c9d52c9f8f77dcf8;Changing `<file_name>` to implement `<file_name>` interface;interface;https://github.com/square/retrofit/commit/884593d0e46c4eb30dd6e9ac8056bfdc2848345e;Contradicts;0.6829121708869934
174;Fix styling of <iden> download;styling;https://github.com/square/retrofit/commit/b0c51c54f5c67bda3282b70b0e2d9cce0dc3c7bd;Revert Revert Allow  <file_name>  instantiation. Hide some Apache implementation details.;This reverts commit  <otherCommit_link>;https://github.com/square/retrofit/commit/f87f9b3c032714980299d6da20b3ae87a8bb3109;Contradicts;0.6563419699668884
175;Fix styling of <iden> download;styling;https://github.com/square/retrofit/commit/b0c51c54f5c67bda3282b70b0e2d9cce0dc3c7bd;Reintroduced deprecated <file_name> constructor;deprecated;https://github.com/square/retrofit/commit/ed2e8a5b52e933034b74e5aa66bc42862bfd30de;Contradicts;0.5370512008666992
176;Rename pair to field to match annotation;match annotation;https://github.com/square/retrofit/commit/d665e56649a4b43128714c2bdbe83b9c1d037f73;Revert Revert Allow  <file_name>  instantiation. Hide some Apache implementation details.;This reverts commit  <otherCommit_link>;https://github.com/square/retrofit/commit/f87f9b3c032714980299d6da20b3ae87a8bb3109;Contradicts;0.5942578315734863
177;" 
- Add <iden> <method_name>  
- Also update our sample to use <iden> contributors rather than the <iden>  
- Bump some dependencies to their latest versions  
";" 
- Use this on <iden> <version> and prior and when on the <iden>  
- because the latter is shutting down and subject to lame rate limiting when on common networks";https://github.com/square/retrofit/commit/365a0cd97bd8ee597e937ebf88170b30685047f4;Revert Revert Allow  <file_name>  instantiation. Hide some Apache implementation details.;This reverts commit  <otherCommit_link>;https://github.com/square/retrofit/commit/f87f9b3c032714980299d6da20b3ae87a8bb3109;Contradicts;0.5235881805419922
178;" 
- Add <iden> <method_name>  
- Also update our sample to use <iden> contributors rather than the <iden>  
- Bump some dependencies to their latest versions  
";" 
- Use this on <iden> <version> and prior and when on the <iden>  
- because the latter is shutting down and subject to lame rate limiting when on common networks";https://github.com/square/retrofit/commit/365a0cd97bd8ee597e937ebf88170b30685047f4;Reintroduced deprecated <file_name> constructor;deprecated;https://github.com/square/retrofit/commit/ed2e8a5b52e933034b74e5aa66bc42862bfd30de;Contradicts;0.6465986371040344
179;" 
- Add <iden> <method_name>  
- Also update our sample to use <iden> contributors rather than the <iden>  
- Bump some dependencies to their latest versions  
";" 
- Use this on <iden> <version> and prior and when on the <iden>  
- because the latter is shutting down and subject to lame rate limiting when on common networks";https://github.com/square/retrofit/commit/365a0cd97bd8ee597e937ebf88170b30685047f4;Removal of Unnecessary Creation of <iden>;if <iden> has length 0 there is no point to create stringBuilder for that. that condition check needs to happen before stringBuilder creation.;https://github.com/square/retrofit/commit/aa7db2e7e89202d77222e8f449fa0e243d6cac82;Contradicts;0.986351191997528
180;Provide a mutable <file_name> implementation. <iden> to conform.;to conform;https://github.com/square/retrofit/commit/9e7b7c04bf0a2d1c34eeed8f28a52a8c7009aaf7;Use no_aop Guice variant  ;no_aop;https://github.com/square/retrofit/commit/23eec0b89eb74bff83b55956a585f95bc42469f4;Contradicts;0.5129789710044861
181;Provide a mutable <file_name> implementation. <iden> to conform.;to conform;https://github.com/square/retrofit/commit/9e7b7c04bf0a2d1c34eeed8f28a52a8c7009aaf7;Reintroduced deprecated <file_name> constructor;deprecated;https://github.com/square/retrofit/commit/ed2e8a5b52e933034b74e5aa66bc42862bfd30de;Contradicts;0.8784360289573669
182;Revert Revert Allow  <file_name>  instantiation. Hide some Apache implementation details.;This reverts commit  <otherCommit_link>;https://github.com/square/retrofit/commit/f87f9b3c032714980299d6da20b3ae87a8bb3109;Use no_aop Guice variant  ;no_aop;https://github.com/square/retrofit/commit/23eec0b89eb74bff83b55956a585f95bc42469f4;Contradicts;0.6408299803733826
183;Revert Revert Allow  <file_name>  instantiation. Hide some Apache implementation details.;This reverts commit  <otherCommit_link>;https://github.com/square/retrofit/commit/f87f9b3c032714980299d6da20b3ae87a8bb3109;Reintroduced deprecated <file_name> constructor;deprecated;https://github.com/square/retrofit/commit/ed2e8a5b52e933034b74e5aa66bc42862bfd30de;Contradicts;0.8445336818695068
184;Revert Revert Allow  <file_name>  instantiation. Hide some Apache implementation details.;This reverts commit  <otherCommit_link>;https://github.com/square/retrofit/commit/f87f9b3c032714980299d6da20b3ae87a8bb3109;Allow <file_name> extensions;improved <file_name>;https://github.com/square/retrofit/commit/44654cc452d1d38e581a20358ab2f9bbf8aabbbe;Contradicts;0.658042848110199
185;Allow <file_name> instantiation  ;Hide some Apache implementation details;https://github.com/square/retrofit/commit/60607af32d629121e6479e95970e3b5da1b2f176;Reintroduced deprecated <file_name> constructor;deprecated;https://github.com/square/retrofit/commit/ed2e8a5b52e933034b74e5aa66bc42862bfd30de;Contradicts;0.8611265420913696
186;Allow <file_name> instantiation  ;Hide some Apache implementation details;https://github.com/square/retrofit/commit/60607af32d629121e6479e95970e3b5da1b2f176;Allow <file_name> extensions;improved <file_name>;https://github.com/square/retrofit/commit/44654cc452d1d38e581a20358ab2f9bbf8aabbbe;Contradicts;0.5477975010871887
187;Hide more implementation details;more implementation details;https://github.com/square/retrofit/commit/6d8de7d80b343397f12429012571c656eac773bf;Expose <iden> via the <file_name> injection-like framework;injection-like framework;https://github.com/square/retrofit/commit/2c963003286ad91b0ee5cbf0a317578c4bce4025;Contradicts;0.5405112504959106
188;Remove unused <file_name> classes;unused;https://github.com/square/retrofit/commit/db0cd2c373d9c809401b1d1ab93ca743b9e50d3e;Reintroduced deprecated <file_name> constructor;deprecated;https://github.com/square/retrofit/commit/ed2e8a5b52e933034b74e5aa66bc42862bfd30de;Contradicts;0.968499481678009
189;Remove unused <file_name> classes;unused;https://github.com/square/retrofit/commit/db0cd2c373d9c809401b1d1ab93ca743b9e50d3e;moved util to <file_name>, added <file_name>  ;Organize and enhance code files;https://github.com/square/retrofit/commit/fb98822a9c17acfb6846d3f07d368804e155fd3f;Contradicts;0.9332810044288636
190;Introduce builder pattern to instantiate <method_name>;profiler are now optional. Convenience methods for specifying a <iden> or an <iden> directly are also provided.;https://github.com/square/retrofit/commit/56ca30091f59e7daafc7a221e3ddda46d730d17d;Reintroduced deprecated <file_name> constructor;deprecated;https://github.com/square/retrofit/commit/ed2e8a5b52e933034b74e5aa66bc42862bfd30de;Contradicts;0.92078959941864
191;Adding a human-readable name to the  <file_name>  interface;human-readable;https://github.com/square/retrofit/commit/3b5a795892ac079320f6e4fb0d715a6d1a619122;Reintroduced deprecated <file_name> constructor;deprecated;https://github.com/square/retrofit/commit/ed2e8a5b52e933034b74e5aa66bc42862bfd30de;Contradicts;0.8622389435768127
192;Adding a human-readable name to the  <file_name>  interface;human-readable;https://github.com/square/retrofit/commit/3b5a795892ac079320f6e4fb0d715a6d1a619122;Removal of Unnecessary Creation of <iden>;if <iden> has length 0 there is no point to create stringBuilder for that. that condition check needs to happen before stringBuilder creation.;https://github.com/square/retrofit/commit/aa7db2e7e89202d77222e8f449fa0e243d6cac82;Contradicts;0.593475878238678
193;Reintroduced deprecated <file_name> constructor;deprecated;https://github.com/square/retrofit/commit/ed2e8a5b52e933034b74e5aa66bc42862bfd30de;Add fixed query parameter support;support;https://github.com/square/retrofit/commit/759d454eb3379dc2149552884ecc5492313d7633;Contradicts;0.5338749885559082
194;Reintroduced deprecated <file_name> constructor;deprecated;https://github.com/square/retrofit/commit/ed2e8a5b52e933034b74e5aa66bc42862bfd30de;Removal of Unnecessary Creation of <iden>;if <iden> has length 0 there is no point to create stringBuilder for that. that condition check needs to happen before stringBuilder creation.;https://github.com/square/retrofit/commit/aa7db2e7e89202d77222e8f449fa0e243d6cac82;Contradicts;0.8813978433609009
195;Fix small wording issues in custom converter docs;small wording issues;https://github.com/square/retrofit/commit/1ef130b80bf608d3d33273be02a57455692e84f8;Changing `<file_name>` to implement `<file_name>` interface;interface;https://github.com/square/retrofit/commit/884593d0e46c4eb30dd6e9ac8056bfdc2848345e;Contradicts;0.5806392431259155
196;Update custom conversion docs per feedback;Clarify that <iden> is just the default converter, Add section on other built-in converters, Add section on implementing your own custom converters;https://github.com/square/retrofit/commit/497d672e1f3b038d6aa936ddc5498c2679f6ad70;Changing `<file_name>` to implement `<file_name>` interface;interface;https://github.com/square/retrofit/commit/884593d0e46c4eb30dd6e9ac8056bfdc2848345e;Contradicts;0.6535447239875793
197;fix issue <issue_link> : permit use when servers or intermediaries mistakingly miss Content-<iden> header;mistakingly miss Content-<iden> header;https://github.com/square/retrofit/commit/7ca5b518bccbe7c725a2e987887a1624187188be;Changing `<file_name>` to implement `<file_name>` interface;interface;https://github.com/square/retrofit/commit/884593d0e46c4eb30dd6e9ac8056bfdc2848345e;Contradicts;0.823123574256897
